Domain,Domain ascore,railway.com,kloudbean.com,Matches
pinterest.com,100,0,1,1
omr.com,52,0,2,1
magecomp.com,33,0,2,1
trustprofile.com,33,0,6,1
bitninja.com,31,0,3,1
hasthemes.com,30,0,1,1
woostify.com,30,0,1,1
wpglob.com,30,0,1,1
hostingseekers.com,29,0,3,1
icegram.com,29,0,1,1
mindfulpresenter.com,28,0,1,1
wpconfigurator.com,28,0,3,1
microlaunch.net,25,0,4,1
theme-sky.com,24,0,1,1
appaspect.com,22,0,1,1
meetmagento.in,22,0,1,1
cloudmeister.ch,19,0,1,1
rainbowthemes.net,18,0,3,1
wpglossy.com,18,0,1,1
saasbrowser.com,17,0,46,1
saaskart.co,17,0,2,1
instawp.xyz,15,0,3,1
joinwebs.com,15,0,81,1
merku.love,13,0,1,1
serververify.com,12,0,583,1
uptonines.com,10,0,4,1
affsignal.com,7,0,1,1
codigi.it,7,0,10,1
seol.store,7,0,2,1
anchorurl.cloud,6,0,1,1
archynetys.com,6,0,1,1
codeskripts.com,6,0,1,1
contextqmd.com,6,0,1,1
presolutions.sa,6,0,6,1
